{
  "trades": 0,
  "win_rate": 0.0,
  "gross_pnl": 31.192769277900176,
  "net_pnl": 56.54404766514563,
  "max_dd": 0.0016823214040243937,
  "sharpe": 13.370505635400914,
  "sortino": 1.3190506074333663,
  "profit_factor": Infinity,
  "exposure_time": 0.0028857579358343237,
  "final_equity": 10056.544047665146
}