{
  "trades": 0,
  "win_rate": 0.0,
  "gross_pnl": 33.420846532666516,
  "net_pnl": 59.81303290170581,
  "max_dd": 0.0020244908174540427,
  "sharpe": 12.373695806395798,
  "sortino": 1.1593801366403613,
  "profit_factor": Infinity,
  "exposure_time": 0.0027777349114982792,
  "final_equity": 10059.813032901706
}