{
  "trades": 0,
  "win_rate": 0.0,
  "gross_pnl": 43.15290394801309,
  "net_pnl": 77.84662604823461,
  "max_dd": 0.0024336288951770555,
  "sharpe": 12.958989427115263,
  "sortino": 1.254116604461955,
  "profit_factor": Infinity,
  "exposure_time": 0.0028394623539760187,
  "final_equity": 10077.846626048235
}