{
  "trades": 0,
  "win_rate": 0.0,
  "gross_pnl": 32.463531280873454,
  "net_pnl": 58.339383795791946,
  "max_dd": 0.0018974904777321762,
  "sharpe": 12.669042472310087,
  "sortino": 1.2065725929317577,
  "profit_factor": Infinity,
  "exposure_time": 0.002808598632737149,
  "final_equity": 10058.339383795792
}