{
  "trades": 0,
  "win_rate": 0.0,
  "gross_pnl": 41.85904896681051,
  "net_pnl": 70.97048655919207,
  "max_dd": 0.0036698445683868413,
  "sharpe": 9.357306598705891,
  "sortino": 0.7569625885442899,
  "profit_factor": Infinity,
  "exposure_time": 0.0024845295597290167,
  "final_equity": 10070.970486559192
}