{
  "trades": 0,
  "win_rate": 0.0,
  "gross_pnl": 49.30278756942144,
  "net_pnl": 88.60128398595589,
  "max_dd": 0.0028765009575706835,
  "sharpe": 12.669993542623692,
  "sortino": 1.2069880743150905,
  "profit_factor": Infinity,
  "exposure_time": 0.002808598632737149,
  "final_equity": 10088.601283985956
}