{
  "trades": 0,
  "win_rate": 0.0,
  "gross_pnl": 2592.2286979475684,
  "net_pnl": 5166.143778655707,
  "max_dd": 0.0001027444789851701,
  "sharpe": 158.49267220788957,
  "sortino": 116.42206016997021,
  "profit_factor": Infinity,
  "exposure_time": 0.9941967164327167,
  "final_equity": 15166.143778655707
}