{
  "trades": 0,
  "win_rate": 0.0,
  "gross_pnl": 41.23885930895422,
  "net_pnl": 69.91894852854239,
  "max_dd": 0.003615779139091236,
  "sharpe": 9.357236742817129,
  "sortino": 0.7569456298865734,
  "profit_factor": Infinity,
  "exposure_time": 0.0024845295597290167,
  "final_equity": 10069.918948528542
}