{
  "trades": 0,
  "win_rate": 0.0,
  "gross_pnl": 34.41804900081393,
  "net_pnl": 62.39066655032548,
  "max_dd": 0.0018556495731013093,
  "sharpe": 13.37066538697319,
  "sortino": 1.3191275503393494,
  "profit_factor": Infinity,
  "exposure_time": 0.0028857579358343237,
  "final_equity": 10062.390666550325
}