{
  "trades": 0,
  "win_rate": 0.0,
  "gross_pnl": 30.374448467219743,
  "net_pnl": 55.06064014952426,
  "max_dd": 0.001638325985697882,
  "sharpe": 13.37046507051098,
  "sortino": 1.3190310750884198,
  "profit_factor": Infinity,
  "exposure_time": 0.0028857579358343237,
  "final_equity": 10055.060640149524
}