{
  "trades": 0,
  "win_rate": 0.0,
  "gross_pnl": 46.92059919316108,
  "net_pnl": 83.4590342996089,
  "max_dd": 0.0029863905544494696,
  "sharpe": 11.93534708717307,
  "sortino": 1.0952523702798322,
  "profit_factor": Infinity,
  "exposure_time": 0.0027314393296399746,
  "final_equity": 10083.459034299609
}