{
  "trades": 0,
  "win_rate": 0.0,
  "gross_pnl": 43.132956617764094,
  "net_pnl": 77.91726679949716,
  "max_dd": 0.002401679660913875,
  "sharpe": 13.089582020744482,
  "sortino": 1.2719765634265354,
  "profit_factor": Infinity,
  "exposure_time": 0.0028548942145954536,
  "final_equity": 10077.917266799497
}