{
  "trades": 0,
  "win_rate": 0.0,
  "gross_pnl": 59.19980844415174,
  "net_pnl": 106.79538215871617,
  "max_dd": 0.0033329328266482926,
  "sharpe": 12.959851132767081,
  "sortino": 1.2545046097694945,
  "profit_factor": Infinity,
  "exposure_time": 0.0028394623539760187,
  "final_equity": 10106.795382158716
}