{
  "trades": 0,
  "win_rate": 0.0,
  "gross_pnl": 30.921675127815966,
  "net_pnl": 56.052622835701186,
  "max_dd": 0.0016677473843059692,
  "sharpe": 13.370492198444245,
  "sortino": 1.319044137202169,
  "profit_factor": Infinity,
  "exposure_time": 0.0028857579358343237,
  "final_equity": 10056.052622835701
}