{
  "trades": 0,
  "win_rate": 0.0,
  "gross_pnl": 48.06474756939399,
  "net_pnl": 84.75251117390326,
  "max_dd": 0.003272590313307701,
  "sharpe": 11.345713071623775,
  "sortino": 1.0145557695864655,
  "profit_factor": Infinity,
  "exposure_time": 0.002669711887162235,
  "final_equity": 10084.752511173903
}