{
  "trades": 0,
  "win_rate": 0.0,
  "gross_pnl": 46.96551801731552,
  "net_pnl": 84.40094637432776,
  "max_dd": 0.002740828188536968,
  "sharpe": 12.669861872880414,
  "sortino": 1.2069305044424259,
  "profit_factor": Infinity,
  "exposure_time": 0.002808598632737149,
  "final_equity": 10084.400946374328
}