{
  "trades": 0,
  "win_rate": 0.0,
  "gross_pnl": 53.65920946985624,
  "net_pnl": 94.28379403790314,
  "max_dd": 0.003746843534732278,
  "sharpe": 11.165400601469761,
  "sortino": 0.9853241532045213,
  "profit_factor": Infinity,
  "exposure_time": 0.0026542800265428003,
  "final_equity": 10094.283794037903
}