{
  "trades": 0,
  "win_rate": 0.0,
  "gross_pnl": 54.6694183149919,
  "net_pnl": 96.05885858379224,
  "max_dd": 0.003816922500113762,
  "sharpe": 11.165477698163887,
  "sortino": 0.9853506048929642,
  "profit_factor": Infinity,
  "exposure_time": 0.0026542800265428003,
  "final_equity": 10096.058858583792
}