{
  "trades": 0,
  "win_rate": 0.0,
  "gross_pnl": 43.264309327163595,
  "net_pnl": 78.15455103990098,
  "max_dd": 0.0024089601134986245,
  "sharpe": 13.08958878971365,
  "sortino": 1.2719797453038693,
  "profit_factor": Infinity,
  "exposure_time": 0.0028548942145954536,
  "final_equity": 10078.154551039901
}