{
  "trades": 0,
  "win_rate": 0.0,
  "gross_pnl": 42.90512112059031,
  "net_pnl": 77.50568969842607,
  "max_dd": 0.002389051003759288,
  "sharpe": 13.08957027892628,
  "sortino": 1.2719710441103595,
  "profit_factor": Infinity,
  "exposure_time": 0.0028548942145954536,
  "final_equity": 10077.505689698426
}