{
  "trades": 0,
  "win_rate": 0.0,
  "gross_pnl": 1863.9113336755827,
  "net_pnl": 3713.0737591052566,
  "max_dd": 0.0001740836998488037,
  "sharpe": 55.972994515403904,
  "sortino": 27.106013799645677,
  "profit_factor": Infinity,
  "exposure_time": 0.9935522269616109,
  "final_equity": 13713.073759105257
}