{
  "trades": 0,
  "win_rate": 0.0,
  "gross_pnl": 49.609457247576785,
  "net_pnl": 89.28290098453908,
  "max_dd": 0.002856600118734796,
  "sharpe": 12.80274837155343,
  "sortino": 1.2247627651266069,
  "profit_factor": Infinity,
  "exposure_time": 0.002824030493356584,
  "final_equity": 10089.282900984539
}