{
  "trades": 0,
  "win_rate": 0.0,
  "gross_pnl": 49.50870478289215,
  "net_pnl": 87.29870530378685,
  "max_dd": 0.003370333903313967,
  "sharpe": 11.345820578250587,
  "sortino": 1.0145929874177475,
  "profit_factor": Infinity,
  "exposure_time": 0.002669711887162235,
  "final_equity": 10087.298705303787
}