{
  "trades": 0,
  "win_rate": 0.0,
  "gross_pnl": 36.946525041349446,
  "net_pnl": 65.71760872737832,
  "max_dd": 0.0023542245925983235,
  "sharpe": 11.934695732135237,
  "sortino": 1.0949981238620576,
  "profit_factor": Infinity,
  "exposure_time": 0.0027314393296399746,
  "final_equity": 10065.717608727378
}