{
  "trades": 0,
  "win_rate": 0.0,
  "gross_pnl": 12.113199202960647,
  "net_pnl": 20.53707440125254,
  "max_dd": 0.0010663332774216133,
  "sharpe": 9.35394406542545,
  "sortino": 0.7561472499092117,
  "profit_factor": Infinity,
  "exposure_time": 0.0024845295597290167,
  "final_equity": 10020.537074401253
}