{
  "trades": 0,
  "win_rate": 0.0,
  "gross_pnl": 40.43685206186537,
  "net_pnl": 73.30126867575018,
  "max_dd": 0.0021787933837362893,
  "sharpe": 13.370962956716104,
  "sortino": 1.3192709627556518,
  "profit_factor": Infinity,
  "exposure_time": 0.0028857579358343237,
  "final_equity": 10073.30126867575
}