{
  "trades": 0,
  "win_rate": 0.0,
  "gross_pnl": 36.946119818190375,
  "net_pnl": 66.01666636312075,
  "max_dd": 0.0022677064632925215,
  "sharpe": 12.238877033433434,
  "sortino": 1.1419611074751286,
  "profit_factor": Infinity,
  "exposure_time": 0.0027623030508788443,
  "final_equity": 10066.01666636312
}