{
  "trades": 0,
  "win_rate": 0.0,
  "gross_pnl": 35.452376849983274,
  "net_pnl": 63.448888979824915,
  "max_dd": 0.0021470703232626784,
  "sharpe": 12.373816673218837,
  "sortino": 1.1594311851862231,
  "profit_factor": Infinity,
  "exposure_time": 0.0027777349114982792,
  "final_equity": 10063.448888979825
}