{
  "trades": 0,
  "win_rate": 0.0,
  "gross_pnl": 1718.3590466786268,
  "net_pnl": 3334.8368767799475,
  "max_dd": 0.013173757233597762,
  "sharpe": 6.389940941332731,
  "sortino": 2.774761181553174,
  "profit_factor": Infinity,
  "exposure_time": 0.9969849537037037,
  "final_equity": 13334.836876779947
}