{
  "trades": 0,
  "win_rate": 0.0,
  "gross_pnl": 31.05132365791747,
  "net_pnl": 56.287642676978066,
  "max_dd": 0.00167471739067257,
  "sharpe": 13.370498624721087,
  "sortino": 1.3190472315944244,
  "profit_factor": Infinity,
  "exposure_time": 0.0028857579358343237,
  "final_equity": 10056.287642676978
}