{
  "trades": 0,
  "win_rate": 0.0,
  "gross_pnl": 60.79658520960825,
  "net_pnl": 109.82617531534379,
  "max_dd": 0.0033789118233056798,
  "sharpe": 13.09048926587355,
  "sortino": 1.2724035118450157,
  "profit_factor": Infinity,
  "exposure_time": 0.0028548942145954536,
  "final_equity": 10109.826175315344
}