{
  "trades": 0,
  "win_rate": 0.0,
  "gross_pnl": 49.88288140677746,
  "net_pnl": 90.42466297671854,
  "max_dd": 0.002685130388642445,
  "sharpe": 13.371428534462998,
  "sortino": 1.3194955832634323,
  "profit_factor": Infinity,
  "exposure_time": 0.0028857579358343237,
  "final_equity": 10090.424662976719
}