{
  "trades": 0,
  "win_rate": 0.0,
  "gross_pnl": 5.6901114213012915,
  "net_pnl": 6.814000906224464,
  "max_dd": 0.00016363399931318577,
  "sharpe": 4.92624046247715,
  "sortino": 0.1948809391173061,
  "profit_factor": Infinity,
  "exposure_time": 0.0007252974491134397,
  "final_equity": 10006.814000906224
}