{
  "trades": 0,
  "win_rate": 0.0,
  "gross_pnl": 33.10364778702365,
  "net_pnl": 60.00798722832042,
  "max_dd": 0.0017850269790236173,
  "sharpe": 13.370600308023697,
  "sortino": 1.319096201559786,
  "profit_factor": Infinity,
  "exposure_time": 0.0028857579358343237,
  "final_equity": 10060.00798722832
}