{
  "trades": 0,
  "win_rate": 0.0,
  "gross_pnl": 1892.968986700461,
  "net_pnl": 3771.7418127498786,
  "max_dd": 8.984364833050712e-05,
  "sharpe": 147.4448601997946,
  "sortino": 96.84570990748763,
  "profit_factor": Infinity,
  "exposure_time": 0.9961111111111111,
  "final_equity": 13771.741812749879
}