{
  "momentum": {
    "breakout_window": 20,
    "min_range_bps": 3
  },
  "meanrev": {
    "window": 63,
    "k": 2.397087817029988
  },
  "risk": {
    "max_pos_pct": 0.016953863613629206,
    "dd_soft": 0.04466205691938903,
    "dd_hard": 0.04044405784490003,
    "per_trade_sl_pct": 0.00889667991458883,
    "tp_pct": 0.008809312486777614
  }
}

